ID,变体,描述
20438551,,"重新设计的表情符号选取器和触摸键盘改进(20206仅升级才默认启用,20246暂时移除,21227仅升级才默认启用,21313升级和全新安装都默认启用)"
26336822,,"windows 10x new oobe(20226默认禁用,20246移除,21996已启用)"
26008405,,"windows精品聚焦(windows聚焦桌面版)(20231默认禁用,20246暂时移除,21337回归,得手动启用,疑似21390之前某版本移除,22509开始a/b测试,22518推广所有预览人员,22000.706版本已加入)"
25936164,,"主题感应(在20226默认禁用,20241开始a/b测试,20246暂时移除,21332推广所有预览人员)"
27296756,,"电量使用情况(21313默认不启用,22000.51默认启用)"
25810627,,"设备使用情况(自21337后可正常显示页面,得手动启用,在21364推广所有预览人员)"
27923837,,？？？(on the taskbar)
27924070,,？？？
26920259,,"(不知道具体叫啥名称好,意思是会给你自带的驱动(C:\Windows\OEMDRIVERS),运行完后重启就有)"
30848613,,"(启用后电源界面会多出一个重启后自动启动重启前打开的所有应用(21359默认启用,22000.51移到设置))"
41866508,,禁用Win10新版四不像的任务栏搜索图标
25704915,,"开启后会显示预计安装完更新时间(但是官方不想让没有推送的人开启这个隐藏功能就离谱),疑似22000.65已全部启用)"
31371065,,"team聊天按钮(前提是得安装了team),就是微软在宣传片介绍的(在22000.100默认启用,后面被全新id替换为Teams Free)"
39263329,"1/3/5","1:不点击时显示搜索,点击后变为蓝色 3:搜索图标改为放大镜的框为地球 5:不点击时显示搜索Web,点击后变为蓝色 - 任务栏上的搜索入口点已重新设计为三个样式(启用后25211+的任务栏右键会显示任务管理器)(25211和22623.730默认禁用,22000.1042默认禁用,目前已全面推广样式1,22621.900无效)"
41561445,,
35532102,,"对"打印机和扫描仪"页面下的设备特定页面进行了更新(22494默认禁用,22509推广所有预览人员,现已推广至正式版用户)"
35529414,,"在"高级网络设置"页下添加了新的"高级共享设置"，包括"控制面板"中的所有相应设置(例如网络发现、文件和打印机共享以及公用文件夹共享)(22494默认禁用,22509推广所有预览人员,现已推广至正式版用户)"
36226836,,"alt+tab变成窗口化(这波属实返祖10)(22563推广所有预览人员?,现已推广至正式版用户)"
37834869,,"alt+tab加亚克力效果(22557推广所有预览人员,现已推广至正式版用户)"
34301415,,
36553793,,
36226054,,
36226456,,"小组件将会显示天气(22518开始a/b测试,22538推广所有预览人员,22000.526已加入,现已推广至正式版用户)"
35908098,,
37204171,,
36898195,,"启用fluent样式的新任务管理器(22538默认禁用,22557开始a/b测试,22567推广所有预览人员,现已推广至正式版用户)"
37041514,,新项目"选择默认麦克风"已添加到语音键入的设置菜单中(现已推广至正式版用户)
35674037,,"锁屏界面上的媒体控件已更新，以匹配"快速设置"中为媒体控件显示的设计(22543开始a/b测试)(现已推广至正式版用户)"
33122876,,隐藏显示水印的硬件不合格
37272181,,添加了在"开始"菜单中的搜索框下方显示查询建议的功能(移到新推送的搜索亮点下面了)(现已推广至正式版用户)
29755179,,""隐私和安全"页面下的"操作历史记录"子页面已经过重新设计，以便与 Windows 11 的设计美学保持一致。(现已推广至正式版用户)"
39145991,,
37634385,,
36354489,,"选项卡式浏览功能已添加到文件资源管理器中和左侧导航窗格的布局更新(于22581暂时移除,22621.160开始a/b测试,22621.675默认启用)"
36302090,,"打开方式"对话框已经过重新设计，以符合 Windows 11 的设计美学(22563默认禁用,22567推广所有预览人员,22579默认禁用,22581已移除,25151回归却默认禁用,22622.290默认不启用,25206默认启用,现已推广至正式版用户)"
35620393,,
35620394,,"启用任务栏溢出(22622.436默认不启用,22622.440开始a/b测试,现已推广至正式版用户)"
39281392,,"(注:此行隐藏id需22622.xxx版本单独启用,22623.730无需启用)"
37007953,,"输入"页面下的"显示触摸键盘"注记具有 3 个可用选项（"从不"、"未连接键盘时"和"始终"）的新下拉菜单。(25151默认禁用,25188开始a/b测试,22622.586加入且默认禁用,22623.885推广所有预览人员,现已推广至正式版用户)"
36860984,,"启用任务栏右键的任务管理器选项(22621.675和22623.870开始a/b测)"
42038001,"1/3/5","1:不点击时显示搜索,点击后变为蓝色 3:搜索图标改为放大镜的框为地球 5:不点击时显示搜索Web,点击后变为蓝色 - 任务栏上的搜索入口点已重新设计为三个样式(22621.900及以上版本有效)"
26008830,,"任务栏的新优化版本(22563开始a/b测,22581推广所有预览人员,于22610暂时禁用,22616已移除,25193回归却默认禁用,25197开始a/b测,22623.730开始a/b测,现已推广至正式版用户)"
38764045,,"新任务栏托盘图标可以移动(25211开始a/b测,22621/3.730默认禁用,现已推广至正式版用户)"
38665217,,"回归之前10预览键入填充完整搜索的功能(25197默认禁用,25201开始a/b测,22623.730默认禁用,25211疑似默认启用?,现已推广至正式版用户至正式版用户)"
34300186,,"小组件全屏(25201开始a/b测,22623.885开始a/b测,现已推广至正式版用户)"
40762871,,"应用-高级应用设置翻新(25211默认禁用,22623.885默认禁用,现已推广至正式版用户)"
"39427030,41249924",,"系统-电源(和电池)-能源建议(25231默认禁用,22623.885开始a/b测,22621.990加入且默认禁用,现已推广至正式版用户)"
39420424,,"任务管理器支持搜索(25231默认禁用,22623.885默认禁用,22623.891默认启用,25247默认启用,现已推广至正式版用户)"
38937525,,"(25197-25227)新的开始菜单搜索栏文本(25197默认禁用,25227已移除) / 25252起为新的开始菜单搜索体验(25252默认禁用,22623.1037加入且默认禁用,22623.1095默认启用,22621.1105默认禁用,现已推广至正式版用户)"
40887771,,"(25217-25227)"搜索"入口点已移至任务栏左侧的"小部件"入口点右边(25217默认禁用(须禁用39072097),25227已移除,22623.870默认禁用(需禁用39263329)) / 之后改为修改搜索的样式选项(25252开始a/b测,22623.1037开始a/b测,22621.1105默认禁用,现已推广至正式版用户)"
41415839,,"搜索框显示搜索亮点(25252开始a/b测,22623.1037默认启用,现已推广至正式版用户)"
38833134,,"语音访问改进(22623.1037默认启用,22627默认禁用,现已推广至正式版用户)"
41314201,,"启用任务栏时间显示秒(25247开始a/b测,23403默认禁用,23419开始a/b测,22624.1470开始a/b测,现已推广至正式版用户)"
37969115,,"桌面显示小组件搜索(25120开始a/b测试,25158停止测试,25281已移除)"
37634385,,"选项卡式浏览功能已添加到文件资源管理器中(25136开始a/b测试,25179推广所有预览人员,现已推广至正式版用户)"
36354489,,"左侧导航窗格的布局已更新(25136开始a/b测试,25179推广所有预览人员,现已推广至正式版用户)"
37010913,,"搜索"入口点已移至任务栏左侧的"小部件"入口点左边(左对齐无更改)(暂时应该不会测试)(已移除)"
39072097,"1-6","1:不点击时显示搜索,点击后变为蓝色 2:不点击时显示搜索,点击后搜索字样消失并变为蓝色 3:搜索图标改为放大镜的框为地球 4:搜索图标改为地球右下角有个放大镜 5:不点击时显示搜索Web,点击后变为蓝色 6:不点击时显示今日的搜索亮点,点击后变为蓝色 - 任务栏上的搜索入口点已重新设计为六个样式(启用后25211+的任务栏右键不会显示任务管理器)(25158随机样式测试(运气差可能是旧版样式),25227已移除,1现已推广至正式版用户)"
39258685,,"Windows聚焦主题(25140包含,25163可正常使用但默认禁用,25169开始a/b测试,1现已推广至正式版用户)"
36165848,,启用贴纸中的绘画功能(25174默认禁用)
39751186,,"启用新版任务栏图标弹出动画(25179随机测试,25182疑似移除)"
40430431,,"在"详细信息"页面下的右键单击上下文菜单中添加了"创建实时内核转储文件"选项，从而添加了生成实时内核转储的功能(25197才能使用,25276开始a/b测1现已推广至正式版用户)"
39710659,,(此行在25281及更高版本无需启用)
40268500,"0/1/3","老样式数字说明 0:桌面聚焦ui在下面,桌面图标隐藏 1:桌面聚焦ui在右下角,桌面图标不隐藏 3:桌面聚焦ui在右上角,桌面图标隐藏 (此行在新样式中废弃)"
40268500,"0/1/2","新样式数字说明 0:桌面聚焦ui在右上角,桌面图标隐藏 1:桌面聚焦ui在右下角,桌面图标不隐藏 2:桌面聚焦ui在下面,桌面图标隐藏(此样式会导致资源管理器崩溃)"
"39880030,40522394,41744267,41861575",,"新的桌面聚焦ui(25197默认禁用,25206已移除,25281进行不同样式的测试,25309停止测试(启用需禁用wasdk的资源管理器),25352已移除,23451进行不同样式的a/b测试,现已推广至正式版用户)"
36390579,,(启用下面新ui必须启用的)
38228963,,系统-重命名(25201默认禁用)
39811196,,时间和语言-日期和时间-手动设置日期和时间(25201默认禁用)
41598133,,系统-恢复-重置此电脑(25227默认禁用)
41670003,,系统-恢复-回退(25247默认禁用)
42733866,,系统-激活-更改产品密钥(25281默认禁用)
44357190,,系统-激活-连点几下Windows版本(25905默认禁用)
42739800,,电话激活(25905默认禁用)
42739793,,"系统-激活-疑难解答) 设置内部分项目ui翻新(25357暂时移除,25905回归)"
36094217,,"xbox game pass小组件(25201开始a/b测,现已推广至正式版用户但是中国用户可能找不到)"
36862855,,"简体中文输入法云建议(25217开始a/b测,25231推广所有预览人员,25352暂时移除,25905回归,现已推广至正式版用户)"
36435151,,"当用户需要操作时会在开始菜单的头像上显示标记(25217默认禁用,25227开始a/b测,现已推广至正式版用户)"
41075629,,"设置中的启动应用可查看安装说明或者位置(25247默认禁用,25300默认启用)"
38113452,,"网络连接虚拟网络平台会显示图标(25247默认禁用,25252默认启用,23403默认启用)"
41540372,,显示设置中账户OneDrive新版界面(25276开始a/b测)
42295138,,"新资源管理器文件夹预览窗格ui(暂时占位,已废弃)"
42106010,,"快速设置中声音输出有更多的操作(25281默认禁用,25309开始a/b测)"
42189933,,"允许将Windows安装到refs分区(25281默认禁用,25357暂时移除)"
41861575,"0/2/3","0:桌面聚焦图标在右下角 2:桌面聚焦图标在下面居中 3:桌面聚焦在右上角 - 更改桌面聚焦图标的位置(25281开始a/b测,现已推广至正式版用户)"
42783107,,"Windows安装程序将默认用refs分区格式化(25284默认禁用,25357暂时移除,现已推广至正式版用户)"
42550315,,"设置中恢复界面将支持原地升级(感觉梦回8/8.1,目前功能不起作用(25905可使用))(25284默认禁用,25905默认启用,23516默认禁用)"
40851068,"0/1/2/3","0:仅显示snap this windows 1:不显示那个新标题但悬停时打开窗口速度更快 2:显示新标题且应用程序图标 3:变种1和2的结合 - snap窗口得到改进(25300开始随机样式测试,25309疑似仅测试一种样式,25352默认禁用,目前疑似移除?)"
34912776,,"更改键盘布局顺序(25300默认禁用,现已推广至正式版用户)"
38612934,,"新存在感知界面(25300默认禁用,现已推广至正式版用户)"
36371531,,"自动颜色管理选项(25309开始a/b测,现已推广至正式版用户)"
40347509,,"启用可创建refs开发者分区(25309默认禁用,25357暂时移除,现已推广至正式版用户)"
43214488,,"任务栏左对齐时小组件跑到托盘旁边(梦回新闻与兴趣栏)(25324默认禁用,25330已移除,现已换成全新id)"
42934589,,"小组件图标动画(25324开始a/b测,现已推广至正式版用户)"
"42866171,41878171",,"设置开发者模式中创建refs开发者分区(25324默认禁用(需启用40347509),现已推广至正式版用户)"
42401084,,"设置磁盘与卷中可以创建vhd(25324默认禁用,25357暂时移除,现已推广至正式版用户)"
40112637,,"Windows防火墙对话框标题栏改成Windows安全(25324默认禁用,25346默认启用,现已推广至正式版用户)"
43320599,,左对齐时小组件不会折叠(25336默认禁用,目前已疑似移除？)
42606374,,MSDT停用横幅
"40733296,41540372,41562961,41061894",,新云存储视觉效果
40618079,,讲述人设置中添加自然语音的对话框正在获得更新
38811930,,"实时字幕支持多种语言识别(25267默认禁用,25300及23403默认启用,现已推广至正式版用户)"
40729001,,(25309/23403及以上版本仅启用此行即可)
"40731912,41969252,42922424",,"启用全新的wasdk的资源管理器(25300及23403默认禁用(不推荐实体机启用,因为性能不咋地),23466默认启用,现已推广至正式版用户)"
39696859,,"资源管理器新增快捷键选中(25314及23403开始a/b测,23440及25346默认启用,25352暂时移除,25905回归,现已推广至正式版用户)"
41040327,"0/1","0:图库在主页面跟OneDrive之间 1:图库在主页面和OneDrive下方 - 资源管理器增加了图库项目(25272及23403默认禁用,23435开始a/b测,23471推广所有预览人员,现已推广至正式版用户)"
42295138,,"启用新图库中视图(25300及23403默认禁用,25352暂时移除,25905回归(需先启用41040327),23435开始a/b测,23471推广所有预览人员,现已推广至正式版用户)"
"38664959,40064642,41070380",,"主页面下新增文件推荐(需登录AAD的微软账户)(25314及23403开始a/b测,25352暂时移除,25905回归,现已推广至正式版用户)"
41076133,,"xaml资源管理器主页面(25314及23403开始a/b测,25352暂时移除,25905回归,23466默认启用,现已推广至正式版用户)(需启用wasdk的资源管理器和aad的主页面)(不推荐实体机启用以免造成严重的后果)"
34878152,,"欢乐时光(设置导航栏动画)(25188默认禁用,25197开始a/b测,23403默认禁用,25352暂时移除,25905回归,26040疑似被砍)"
"39319758,41091343",,"任务栏等很多组件已单独从explorer进程分离(25211默认禁用且损坏,25267可正常使用,23403默认禁用,25352暂时移除,25905回归)(不推荐实体机启用以免造成严重的后果)"
39305332,,"蓝牙和其他设备-USB-USB4 Hubs and Devices(25314默认禁用,25324及23419默认启用,现已推广至正式版用户)"
42063280,,"启用截图工具录制的快捷键Win+Shift+R(23419及25324默认禁用,现已推广至正式版用户)"
42905431,,"设置开始项目里可启用在开始菜单显示浏览器历史记录(23419及25324默认禁用,23440默认启用)"
43602643,,"自动刷新图库所做的更改(23419及25346默认禁用,25352暂时移除,25905回归)(需启用wasdk的资源管理器和图库)(不推荐实体机启用以免造成严重的后果),23471默认启用,现已推广至正式版用户)"
43028164,,"启用新样式小组件(23424及25324开始a/b测,现已推广至正式版用户)"
42592269,,"任务栏应用右键可选择结束进程(25300及23419默认禁用,目前此功能无法正常使用,23451可正常使用,25905默认启用,现已推广至正式版用户)(需在开发者选项中启用)"
43132439,,"Windows更新中增加更快速获取更新的选项(25309默认禁用,23424默认启用,现已推广至正式版用户)"
42533185,,"开始菜单中推荐的项目改为发给您的(什么zh-ms)(25295默认禁用,23424及25330默认启用,目前疑似移除?)"
41437381,,"隐藏任务栏的时间及日期(23430及25346默认禁用,23440默认启用,25352暂时移除,25905回归,现已推广至正式版用户)"
37926450,,"搜索滚动条得到翻新(23451及25905默认禁用,现在加入且默认禁用？)"
38613007,,"新资源管理器文件夹导航窗格ui(25276(此版本启用需切换成浅色模式)默认禁用,25290已移除,23430及25346默认禁用,25352暂时移除,25905回归,23451开始a/b测,现已推广至正式版用户)"
"41863571,42589465",,"启用snap窗口建议(23435及25346默认禁用,25352暂时移除,25905回归,现已改为全新id)"
"43572692,43572857",,"鼠标移动到搜索时自动打开搜索窗口(23435及25346默认禁用,23H2加入且默认禁用,后面已移除)"
40213648,,"emoji 15(25300默认禁用(部分新图标无法正常显示),25352暂时移除,25905回归,23466默认禁用,23475默认启用,现已推广至正式版用户)"
29785186,,"任务栏标签永不合并(23466开始a/b测,23481推广所有预览人员,现已推广至正式版用户)"
"23214784,41967741",,"提示关闭此应用通知窗口的提示(23466默认禁用,现已推广至正式版用户)"
41950597,,"任务栏搜索显示当天搜索聚焦的标题而不是仅搜索二字(23466默认禁用,目前疑似移除)"
"40950262,42105254",,"wasdk的资源管理器导航栏得到翻新(23466默认禁用,23475及25905开始a/b测)"
44520430,,"任务栏中的聊天被Teams Free替代(23466默认禁用,现已推广至正式版用户)"
39339190,,"设置可启用登录前启用语音访问(23466默认禁用,现已推广至正式版用户)"
43358915,,"Windows备份软件可选择备份浏览器的密码(23466默认禁用,现已推广至正式版用户)"
44280635,,"处于折叠任务栏时不会显示通知徽章(23471默认禁用,现已推广至正式版用户)"
39661369,,"资源管理器多标签支持分离跟合并(25290默认禁用,23471默认禁用,23481默认启用,现已推广至正式版用户)"
"35262205,41355275",,"设备环境亮度设置(25295默认禁用,25352暂时移除,25905回归,23466默认禁用,23475默认启用,现已推广至正式版用户)"
38890980,,"共享ui得到轻微更新(25309默认禁用,25357移除,23475默认禁用,现已推广至正式版用户)"
44788892,,"任务栏显示copilot图标(目前不起作用)(23481默认禁用,现已废弃?)"
"44573982,44571814",,"开始菜单所有应用中系统应用下显示系统字样(23481及25905默认禁用,现已推广至正式版用户)"
"41799415,43679417,44504204",,"uwp笔迹改进(23481开始a/b测,现已推广至正式版用户)"
40608813,,"文件夹选项中部分选项移除(仍可通过注册表来更改)(23481默认启用,现已回退)"
42500395,"1/2","启用snap窗口建议(23493默认禁用,25992默认启用)"
"44776738,42105254,41655236,44774629,44850061",,"任务栏显示copilot图标(23493及25905开始a/b测,23506默认启用,现已推广至正式版用户)"
"42058345,42058313,42977909,44049197,44124573",,"设置新增主页面(23493开始a/b测,现已推广至正式版用户)"
43729731,,"设置-蓝牙和其他设备中手机连接略微更改(23506默认禁用,现已推广至正式版用户)"
"44663396,44663406",,设置-系统-电源和电池更改(23506默认禁用)
43180950,"0/1","(0是直接启动dev主页面,1是先启动入门,在入门中提示打开dev主页面) - 新的oobe后体验(23506开始不同变种测试)"
40581622,,"新程序兼容窗口ui(25276及23506以上可用,现已推广至正式版用户)"
"44470355,46045587",,"开始菜单推荐的项目可以将最近安装的应用合并到一起(23545及25967默认禁用)"
44209225,,附近共享重命名无需在系统信息重命名(23545默认禁用)
45425287,,共享🔗选项移至链接旁边(23560默认禁用)
45690501,,"设置-个性化下新增copilot设置(23575及25992默认禁用)"
40501685,,"语音访问可设置命令(23580默认禁用,现已推广至正式版用户)"
46874360,,"copilot移动至右下角(25992及23585默认禁用,26040默认启用)"
46619780,,"设置-蓝牙和其他设备-移动设备下新增移动设备管理(23590默认禁用,23619及26040开始a/b测)"
"44470355,39885363",,语音访问支持更多语言(23612默认启用)
47526873,"1 变体payloadkind:1 变体payload:1","锁屏界面下的天气组件翻新(23612开始a/b测,26040默认禁用)"
37356106,,使用Rust重写Win32k GDI代码(25905开始a/b测)
"40226628,41683745",,"隐私权限问题警告(25905默认禁用,25921移除)"
39484957,,oobe中隐私部分里新增存在感知选项(25915默认禁用)
44702824,,设置-系统下新增系统组件选项(25926默认禁用)
42863801,,OneDrive可保存在refs分区下(?) (25931默认禁用)
42863801,,系统可在refs分区下引导(?) (25931默认禁用)
39593188,,控制中心新增滚动条(25967默认启用)
"44531625,44685875,45046901",,"启用win32的控制中心(RIP UWP🪦)(25987默认禁用,26002开始a/b测)"
42537950,,禁用Windows10任务栏体验(26002默认禁用)
45286373,,分享界面可以拖动(26002默认禁用)
47688503,,设置-系统下新增ai组件界面(26016默认禁用)
29532725,,任务栏悬停动画回归(不推荐实体机启用以免造成严重的后果)(26020默认禁用)
45799111,,控制中心显示实时字幕选项(26040默认禁用)
45178292,,初次使用实时字幕时不必再到设置切换语言识别包下载(26040默认禁用)
41360093,,（占位符，不可用）
42052883,,（占位符，不可用）
40979072,,"设置应用"搜索权限"设置页加入"Let search apps show results"选项（未分类）"
26338762,,更多设置项支持深色模式（Windows Server 2022 build 20231.1000专属）
40062046,,设置中的"实验性功能"下拉菜单（Windows 更新> Windows Insider 程序）。
43040593,,"新小组件选择器(需更新到最新WWEP,已默认启用)"
43636169,,"小组件可以被固定(需更新到最新WWEP,已默认启用)"
41561454,,"不登录微软账户即可使用小组件(更新到最新WWEP,已默认启用)"
38652916,,"显示新的小组件设置(需更新到最新WWEP,已默认启用)"
36718398,,"启用新的小组件设置中的徽章选项(需更新到最新WWEP,已默认启用)"
40772499,,"启用小组件新ui(需更新到最新WWEP(4选1随机测试),目前疑似移除?)"
"45393399,42880174,44281626",,启用全新小组件样式(可关掉新闻)(需更新到最新WWEP)
"47557358,49686193",,"Win11小组件变WinUI3（请将 WWEP 更新到版本 524.20502.0.0及以上）然后启用 和 速度暂存键以及IntegratedServicesRegionPolicySet.json下的"第三方源显示在 Widgets 中"策略。（需启用48433719）"
"50179255,53672489",,"锁屏小组件上原生方案(22635.4870)(启用后小组件变WinUI3，26120.3073设置-个性化-锁屏界面将无法打开)"
56659543,,"在"个性化"→"锁屏"下自定义锁屏天气小组件的功能已添加并逐步推出。（需启用50179255,53672489）（26120.3360）"
"55994763,59162732",,Widgets设置对话框已被新的全页设置页面取代，同时新增了重新排列仪表盘和配置通知的功能。(需更新到最新WWEP)(26220.7051)
48969045,,启用更多的动画小组件任务栏图标集（例如：新的动画"夜间多云"图标）以及向预览体验成员和已安装KB5036980的用户推出的更清晰的图标改进
48801541,,推出了其他锁屏卡，例如金融和体育，可以通过运行以下命令来启用该功能 KB5035941（19045.4235） 中为 Windows 10
"46107637,48799383",,已将不起作用的 Studio Effects 图标添加到任务栏上的系统托盘中。默认情况下，它处于禁用状态 22635.3276
39695921,3,"超级分辨率"
"48468527,48468541,48660958",,"如果任务栏左对齐，则 Widgets 入口点将移动到系统托盘的左侧，并在启动 Widgets 仪表板时从右侧而不是左侧飞出。22635.3420"
"47664723,48433719",,WinUI3版文件资源管理器痕迹导航之间的拖放功能已回归。22635.3420
45262221,,"选项卡上下文菜单中用于复制所选选项卡的"复制选项卡"选项（最初在内部版本 22635.3566 中实现）已移植到此内部版本。默认情况下，此功能处于禁用状态，但可以通过启用 和 速度暂存键来手动激活。（需启用48433719）"
"47448915,48546544",,"在"帐户"页面下添加了一个新的"链接设备"子页面，用于管理使用 Microsoft 帐户登录的设备、电脑和 Xbox 主机。"
46892085,,"用户个人资料菜单已重新设计为"帐户管理器"，显示帐户设置和建议的通知。作为此更改的一部分，"注销"选项已移至省略号菜单，"锁定"选项已移至电源选项菜单，并且已删除电源选项菜单下的"登录选项"选项。（需启用48433719）"
"33722644,46264199,48412482",,"在"帐户">"通行密钥"下添加了一个未完成的"高级选项"页，用于管理同步和凭据管理器设置。26200（需启用48433719）"
49445394,,"搜索下拉菜单中添加了新的"在 Windows 中询问 Copilot"选项，以调用 Copilot 寻求支持。默认情况下，此功能处于禁用状态，但可以通过启用速度暂存键手动激活。"
"45189370,47364920",,"在"帐户">"您的信息"下更改用户个人资料图片的体验已改进为"更改个人资料照片"对话框，增加了对图片应用效果和滤镜、裁剪部分图片以及将其还原为默认个人资料图片的功能。此体验部分起作用，默认情况下处于禁用状态，但可以通过启用 和 速度暂存键手动激活。"
50012660,,"旧版鼠标控制面板小程序中的"增强指针精度"选项和"滚动方向"下拉菜单已移植到"蓝牙和设备>鼠标"页面。默认情况下，此更改处于禁用状态，但可以通过启用 和 速度暂存键来手动激活。26227（需启用48433719）"
51407079,,"在隐私和安全下添加了一个新的生成式人工智能子页面，用于管理生成式人工智能访问。启用 和 速度暂存键还会显示页面中隐藏的"最近活动"部分。26236（需启用48433719）"
50566956,,"在快照中右键单击分析的文本时，上下文菜单中添加了新的"搜索 Web"选项。默认情况下，此功能处于禁用状态，但可以通过启用速度暂存键手动激活。26236（需启用48433719）"
32222762,,"添加了右键单击固定到"开始"菜单且具有跳转列表的应用时显示跳转列表的功能。此功能仅适用于一部分用户，但可以通过启用 和 速度暂存键来手动激活。"
45130483,,对主页进行了以下视觉改进。默认情况下，这些功能处于禁用状态，但可以通过启用速度暂存键来手动激活。22635.3640（需启用48433719）
48697323,,"在开始菜单旁边添加了一个新的配套面板，用于管理通过 Phone Link 应用程序连接的 Android 移动设备。此功能需要 Phone Link 应用程序版本 1.24052.124.0（或更高版本）才能正常工作。此更改仅适用于一部分用户，但可以通过启用 和 速度暂存键来手动激活。（需启用48433719）（22635.3790）"
"41118774,451339492",,"新的"更多应用"部分已添加到"打开方式"对话框中。默认情况下，此更改处于禁用状态，但可以通过启用 和 速度暂存键来手动激活。（22635.3790）"
48525682,,"添加了在任务栏上显示缩短的日期和时间的功能（可通过"设置"应用中的"个性化">"任务栏"进行切换）。默认情况下，此功能处于禁用状态，但可以通过启用速度暂存键手动激活。（22635.3790）"
49082522,,"添加了打开和关闭任务栏上的通知铃铛图标的功能（可通过"设置"应用中的"个性化">"任务栏"进行切换）。默认情况下，此功能处于禁用状态，但可以通过启用速度暂存键手动激活。"
"47557358,49686193",,"Win11小组件变WinUI3（请将 WWEP 更新到版本 524.20502.0.0及以上）然后启用 和 速度暂存键以及IntegratedServicesRegionPolicySet.json下的"第三方源显示在 Widgets 中"策略。（需启用48433719）"
47205210,2,"开始菜单改进（1.列表改进 2.变为网格视图）（需启用48433719）"
49221331,,"开始菜单变为列表、网格、分组三类排序（22635.4082）（需启用47205210,48433719）"
49686287,,使用 UTF-8 编码显示 Wi-Fi SSID，从而使带有 Unicode 字符的 SSID 在输出中正确显示。
51228992,,在 HDR >系统>显示下添加了新的"即使 HDR 关闭也允许 HDR 视频流"切换开关
48177092,,将控制面板中的"字体"小程序的链接重定向到"个性化>字体"页面的更改（需启用48433719）
49559611,,添加了在平板电脑优化的任务栏上显示搜索框的功能
46874415,,系统托盘中用秒切换时钟的选项移动到"设置"应用中的"时间和语言>日期和时间"下的"在系统托盘中显示时间和日期"部分（需启用48433719）
"49575624,50292326",,允许用户同时在多个应用程序中使用同一摄像头（需启用48433719）
48980211,,在任务栏上显示非活动和固定应用的悬停卡
49607261,,"关闭 HDR 以节省能源"能源建议
46961347,,Windows 共享浮出控件添加了一个新按钮，用于生成 URL 和云文件链接的 QR 码。
"45596742,45690501,49010421,49035782",,"任务栏上添加了一个新的、紧凑的 Copilot 建议菜单变体，可以通过 Windows >设置应用中的 Copilot 个性化来切换。(已弃用)"
"47921574,47921515",,在锁定屏幕上显示天气旁边的其他快速状态（例如体育、交通和财务）
49256040,,对压缩文件和存档.7z .tar的支持（需启用48433719）
48413250,,Windows 共享浮出控件中添加了一个新的复制按钮，用于直接复制文件
45286411,,在"开始"菜单的"搜索"页中的搜索结果中添加了一个新的"共享"选项，用于快速打开 Windows 共享浮出控件
"32222762,47205210",,在右键单击固定到"开始"菜单且具有跳转列表的应用时显示跳转列表的功能（需启用48433719）
43283102,,通过从"开始"菜单中的"固定"部分拖动应用来将应用固定到任务栏或桌面（桌面貌似不管用，看后面微软怎么弄吧！）
49140016,1,实现的对桌面上 Windows 聚焦图标的用户交互的更改已再次进行了调整。
38738362,,在"系统>关于"下的"Windows 规格"部分中显示到期日期（定时炸弹）
"46700501,46700599,46700719,46700936,47109994,48636059,48637472,50104492,50390676",,对文件资源管理器的修复更改
49666228,,"隐私与安全性">"常规"页面已重命名为"推荐和优惠"，并带有新的图标和更新的说明（需启用48433719）"
33235889,,最初在内部版本 27686 中实现的>传递优化页面重新设计的 Windows 更新>高级选项已向后移植到此版本并逐步推出。（22635.4082）
52793632,"1/2","Windows 聚焦体验已更新，包括热点，这些热点在悬停时显示其他信息，以及减少的浮出控件或最小化的聚焦 UI。此更改会逐步推出，但可以通过启用速度暂存键来手动激活，并将参数设置为 1（对于弹出减少的热点）或 2（对于 UI 最小化的热点）。 （22635.4145）"
50968699,,添加了直接从 Windows 共享弹出窗口将内容共享到记事本和 Clipchamp 的功能。(22635.4145)
50564196,,"Sign out 帐户管理器中省略号菜单下的选项已移至主视图，并且 Switch user 选项已替换为用户下拉列表。(22635.4145)"
51900073,,在蓝牙和设备下添加了一个新的部分>用于配置触摸屏边缘手势。(22635.4145)（需启用48433719）
"45286369,52800817",,"上下文菜单中添加了新的"发送到我的手机"选项，用于快速将内容共享到 Android 设备。文件资源管理器的主页和"详细信息"窗格下任何 OneDrive 文件的用户名旁边的用户帐户图片 。(22635.4225)（需启用48433719）"
53330962,,用于断开所选用户连接的对话框已经过重新设计，以符合 Windows 11 的设计美学。(22635.4225)
51978387,,添加了在 Performance （性能） 页面下的驱动器类型旁边显示磁盘驱动器界面的功能。(22635.4225)
"46702397,51848093",,"将鼠标悬停在主页和详细信息窗格下任何 OneDrive 文件的用户名上，将显示一个包含个人资料信息和快速联系人按钮的用户角色卡。此卡非常不稳定，默认情况下处于禁用状态(22635.4291)（需启用48433719）（需启用45130483）"
29785184,,"自 Windows 11 最初版本以来一直不存在的显示较小任务栏图标的功能已重新实现。可以通过"设置"应用程序中"个性化">"任务栏"下的"显示较小的任务栏按钮"切换开关进行配置。默认情况下，此功能也处于禁用状态 (22635.4291)（需启用48433719）"
51228992,,在 HDR 的 System > Display >下添加了一个新的"即使 HDR 处于关闭状态也允许 HDR 视频流"切换开关。(27686)
39007349,,通过System > Power（或Power & battery）手动设置插电和电池独立电源模式的能力(27686)
50292326,,在蓝牙和其他设备下的相机属性页面中的高级相机配置对话框>设置应用程序中的相机 (27695)（需启用49575624）
51597662,,设备离线安装内部版本的估计时间将通过"开始"菜单的电源按钮和"设置"应用的 Windows Update 页面显示。(27695)
40637063,,查看已知网络的Wi-Fi密码的对话框（通过网络和互联网调用>Wi-Fi > 管理已知网络）已经焕然一新，以符合Windows 11的设计美学。(27695)
52608608,,"在个性化>文本输入下添加了一个新部分，用于在键盘上配置 Copilot 键。选择"自定义"选项将显示一个弹出窗口，用于选择要在按 Copilot 键时启动的 UWP 应用程序。"
48478026,,"在"设置">"系统>"下，您现在将找到全新的体验，其中新的顶部卡突出显示了设备的关键硬件规格。这些卡旨在让您了解对您来说重要的设备硬件的最重要细节。(19045.5070)"
53281237,,"现在可以在具有教育、企业和 IoT Enterprise SKU 的托管商业设备上访问主页（除Microsoft Entra ID用户外）。默认情况下，该页面处于禁用状态 (22635.4300)"
45286384,,"上下文菜单中的 Share 选项已替换为 "Share with" 级联菜单，用于直接与应用程序共享本地文件。此菜单会逐步推出(22635.4367)（需启用52800817,48433719）"
"50557073,50692135",,"触摸键盘的新游戏手柄键盘布局（26120.1843）（需启用48433719,52800817）"
40466470,,"对WiFi 6E（6 GHz频段）的支持已经实施到移动热点功能中，该功能可以通过网络和互联网下的移动热点属性进行配置>移动热点。此功能将逐步推出(26120.1912)（需启用48433719）"
45643758,,在电池使用图表的System > Power & battery下添加了一个图表图例。默认情况下，此功能处于禁用状态 (27718)
51016952,,对贴靠布局建议进行了内部更改。它逐步推出，但可以通过启用 velocity 暂存键来手动激活。(22635.4371)
42941381,,"登录屏幕中添加了新的"欢迎回来！此功能仅在使用 Microsoft 帐户登录时可用 （26212）+改进的 Windows Hello 用户体验（登录屏幕上的新 Windows Hello 和 PIN 图标）以及重新设计的密钥 Windows 安全凭证用户体验（之前在内部版本 22635.3930 和 22635.4225 中引入）已逐步推出。(22635.4440)+ Ctrl+Alt+Delect快捷键界面的文字更改为蓝色（已移除）（需启用48433719）"
"50235585,52081114",,"右键单击导航窗格中的位置时，现代上下文菜单中的 New Folder （新建文件夹） 选项（之前在内部版本 22635.4000 中实现）已逐步推出。(22635.4445)"
46493758,,"右键单击"开始"菜单的"推荐"部分中最近使用的文件以进行快速共享时，上下文菜单中添加了一个新的"共享"选项。默认情况下，它处于禁用状态(22635.4445)（需启用48433719）"
45738940,,在跳转列表中最近使用的项目旁边添加了一个新的"共享"按钮，用于快速共享。默认禁用。(22635.4445)（需启用48433719）
53655156,"1/2/3/4/5","53655173显示其他描述和 ⊞ Win+Z 快捷方式提示的功能已实现到 Snap Assist 中。默认禁用 (22635.4510)"
"41598133,41670003",,"重新设计的"重置此电脑"和"返回早期版本"对话框已重新实现，分别在版本 25231 和 25247 中实现，但后来在版本 26085 中完全删除。默认禁用(27744)"
51960011,,修复文件资源管理器菜单向上弹出(可能会导致标签页出现细线)
54237951,,设置未知新功能
48822452,,对系统托盘中电池图标的改进（需启用48433719）
54865932,,"改进了Windows搜索中对 Web 搜索提供程序的支持，包括选项卡中更清晰的提供程序属性（之前在内部版本 26120.2510 中为欧洲经济区 （EEA） 的用户实施，并且可以通过启用速度暂存键手动激活）"
48822452,,在系统托盘中显示电池百分比的能力，以及在设置应用程序中的系统>电源和电池下新增的"电池百分比"部分（26120.2510）（需启用48433719）
48504539,"1/2/3/4","Emoji and more系统托盘按钮已更新为 4 个额外的图标 默认情况下，这些图标处于禁用状态，但可以通过启用力度暂存键并将参数设置为 1 到 4 来手动激活。"
"50179255,53672489",,"锁屏小组件上原生方案(22635.4870)(启用后小组件变WinUI3，26120.3073设置-个性化-锁屏界面将无法打开)"
52145430,"1/2","Windows聚焦图标更改(22635.4660)1.附带新文本2.不附带新文本"
47274802,,"各种警告和错误消息对话框中的文本缩放支持，改进了对文件资源管理器、文件打开/保存对话框和复制对话框的支持，该对话框遵循"设置"应用程序中"辅助功能→文本大小"首选项下的文本大小首选项（需启用48433719）"
54322778,,放大镜中新增了 Ctrl+Alt+- 键盘快捷键，用于在当前缩放和 1× 缩放之间切换
49527529,,"恢复"功能是一种设备同步功能，旨在在手机和 Windows 桌面环境之间创建无缝的 OneDrive 集成（需启用48433719）"
47944061,,新的右键单击上下文菜单，用于关闭或暂停文件资源管理器地址栏中的"开始备份"提醒（需启用48433719）
"51784082,54618938",,"设置"应用中"系统→关于"页面下的新顶部卡，用于显示关键硬件规格"
53844009,"1/3/4",对锁屏界面右上角热点的更新
54572881,,"如果启用了"登录时恢复以前的文件夹窗口"选项，则可以在登录时恢复每个文件资源管理器窗口中以前打开的所有选项卡（需启用48433719）"
48656084,,将鼠标悬停在桌面上的 Spotlight 按钮上时自动打开 Spotlight 浮出控件的功能（需启用48433719）
54920368,,在设置应用程序中删除"位置历史记录"功能及其在隐私和安全下的相应设置→位置
"45624564,53397005",,"在文件上使用拖放功能时，屏幕顶部新增了"Drag here to Share"栏（需启用48433719）"
"32145346,49753995",,"任务管理器现在将使用标准指标在所有页面中一致地显示 CPU 工作负载。为了向后兼容，Details （详细信息） 选项卡上提供了一个名为 "CPU utility（CPU实用工具）" 的新可选列，其中显示了 Processes （进程） 页面上使用的上一个 CPU 值。(26120.3360)"
54157537,,CE 标志已添加到"系统>关于"下的"Windows 规格"部分。（主要针对欧洲EEA用户）
55393518,,讲述人生成式总结
50070238,,"蓝屏死机 （BSOD） 已更新为简化和流线型设计，删除了 QR 码，并且默认背景颜色恢复为黑色，就像以前版本的 Windows 一样（绿色保留在 Insider 版本中）。"
55120546,,添加了用于启动 Copilot 的新 ⊞ Win+C 键盘快捷键。按住快捷方式 2 秒钟还将调用"按下通话"功能并开始与 Copilot 对话。
"53433910,54475355",,存储在设备上的本地图像的内嵌图像编辑功能已在 Windows 共享浮出控件中实现。（需启用48433719）
53871483,,Windows Share 浮出控件中链接和 Web 内容的新视觉预览（需启用48433719）
55393518,,在讲述人中具有视觉辅助的 AI 生成的图像描述功能
"50472543,50472600",,"固定应用程序的上下文菜单已更新，能够向左或向右移动固定的应用程序、创建新的应用程序文件夹或将固定的应用程序移动到现有文件夹。"
55305888,,新的"常见问题"列表已添加到"系统→关于"下的"设备规格"部分。
53957537,,"鼠标控制面板小程序中的几个选项已经移植到设置应用程序中的鼠标相关页面（蓝牙和设备→鼠标，鼠标→辅助功能以及鼠标指针和触摸→辅助功能）。"
47375114,,中文（中国大陆/台湾）和日语的语音访问支持。
55049146,,"查看功能"对话框中的"添加的功能"列表（通过"设置"应用程序中的"系统→可选功能"调用）和用于在添加和可用功能列表之间切换的新链接。"
49402389,,"开始菜单大更新！更多自定义！（需启用49221331,47205210,48433719）（貌似需禁用48697323 ？26120.3671启用后无法打开开始菜单）（目前不推荐实体机启用）"
"49381526,49820095,55495322",,"在开始菜单旁边添加了一个新的配套面板，用于管理通过 Phone Link 应用程序连接的 Android 移动设备。（已经有了，但是转移到了新的id）（需启用48433719）"
42651849,,任务栏日历弹窗新增时钟功能，可精确到秒数。（需启用48433719）(22635.5240)
56305056,,用于将用户自己的单词添加到语音访问中的词典的词汇生成器（26120.3671）
46532062,,能够在 Windows 安全中心应用程序的设备安全→安全处理器详细信息页面下显示 Pluton TPM 芯片的制造商和制造商版本（27764）
56724497,,语音访问切换开关已添加到"快速设置"的"辅助功能"弹出按钮下。（26120.3872）
55677794,,"重命名您的打印机"对话框（通过打印机属性页面在蓝牙和设备→打印机和扫描仪下调用）已经焕然一新，以符合Windows 11的设计美学。（26120.3872）"
55708620,,"两个新的文本作，"Practice in Reading Coach"和"Read with Immersive Reader"，已实施到 Click to Do 中，并逐步推广到配备 Snapdragon X 系列处理器的 ARM64 设备。（26120.3872）"
56659543,,"在"个性化"→"锁屏"下自定义锁屏天气小组件的功能已添加并逐步推出。（需启用50179255,53672489）（26120.3360）"
33289874,,语音输入中添加了一个新的"筛选不雅内容"切换开关，用于控制亵渎过滤器。(22635.5305)
56887314,,"快速设置"中的"辅助功能"弹出按钮已更新，按视觉、聆听、运动和移动性进行了新的分组，以便于识别。（26120.3941）"
55245340,,显示带有高度的电源方案内容的命令。（27766）
49793372,,"更改了"在显示功能中使用 HDR"的措辞，以提高支持的媒体类型的清晰度。新增了"即使 HDR 已关闭，也允许 HDR 视频流"选项。新的"使用杜比视界模式"选项，用于独立于 HDR 切换杜比视界模式。（需启用48433719）"
"53427769,57244651",,"在搜索结果中显示 AI 支持的推荐的新代理已实施，并逐步推广到配备 Snapdragon X 系列处理器的 ARM64 设备。作为此更改的一部分，搜索框也已移至应用程序顶部。（26120.3964）"
56005157,,设置-开发人员选项改为"高级"（Dev Home RIP）（26120.3964）
56887328,,"快捷设置"中的"辅助功能"部分已更新，可显示辅助技术的文本描述。（26120.4151）"
"54792954,55345819",,上下文菜单中添加了一个新的"AI操作"条目，用于快速对所选文件执行 AI 驱动的操作。（需启用48433719）（26120.4151）
55390938,,在 Windows 共享浮出控件中图像上选择高、中或低压缩比例的下拉菜单（26120.4151）
"56778684,56892083",,"如果新的默认浏览器注册了其他文件和链接类型，则将为它们设置它们&一个新的"设置默认值"按钮，如果浏览器注册了文件类型，则浏览器可以打开 PDF 文件。.pdf（欧洲EEA地区专属）（26120.4151）"
56661439,,添加了一个新的 ⊞ Win+Shift+T 键盘快捷键，可以直接打开 Snipping Tool 的文本提取器功能。（26120.4151）
57166128,2,Windows 备份应用程序中已实施新的简化登录页面。（26120.4151）
55805655,,"能够显示来自 Microsoft Store 应用程序的推荐，该推荐由"打开方式..."中应用程序旁边的 Microsoft Store 图标表示对话框。（26120.4151）（需启用41118774）"
57471391,,隐私与安全→在设置应用程序中的搜索页面（从搜索权限和搜索Windows子页面合并）（26120.4230）
"57237670,57345863",,讲述人中的新功能可发现性对话框（26120.4230）
55755652,,"cmdlet 的"属性"字段，用于枚举驱动程序包目录属性，指示驱动程序类型以及驱动程序是否经过证明签名（27871）"
57160253,,在设置应用程序中的时间和语言→语言和区域下，将当前用户设置复制到欢迎屏幕和系统帐户或新用户帐户（从区域控制面板小程序移植）的选项 （需启用48433719）（26120.3964）
48103152,,"在设置应用程序中的系统→通知中添加了一个新选项，用于更改亮度、音量、飞行模式和虚拟桌面的屏幕硬件指示器的位置。有三个位置可用（底部中心、左上角和顶部中心）。（26120.4452）"
57159238,,"在设置应用程序中的"日期与时间"控制面板小程序中的"额外时钟"设置已被移植到"在系统托盘中显示时间和日期"部分的时间与语言→日期与时间"下。（需启用48433719）（26120.4452）"
"57466092,57511506",,"添加了新的个性化主页，用于显示最新的 Recall 快照以及用户在过去 24 小时内花费时间最多的前三个应用程序和网站的精选视图。还添加了一个新的导航栏，以便直观地访问关键的 Recall 功能，包括 Home、Timeline、Feedback 和 Settings。（26120.4452）"
"55467432,55648925,56328729",,添加了在锁定屏幕右下角显示新电池图标和电池百分比.（26120.2510）
"46471475,56508991",,"左侧导航窗格中的"以管理员身份运行"按钮，用于使用管理员权限重新启动任务管理器（如果启用管理员保护，则可用）（27881）"
"45172197,51406324",,"管理员保护、重新设计的用户帐户控制提升提示及其在 Windows 安全中心应用程序中的设置(26120.4520)"
38762814,,通知中心功能已扩展到辅助监视器。(26120.5722)
57413021,,在"时间和语言"→"日期和时间"下更改时间格式的 AM/PM 符号的选项>更改日期和时间格式（需启用48433719）（26120.5742）
57193719,,"设置"应用中"时间和语言"→"日期和时间"下的"立即同步"部分中的"选择时间服务器"选项，用于手动更改 NTP 时间服务器 （需启用48433719）（26120.5742）"
56848060,,将鼠标悬停在任务栏上打开的应用程序或应用程序组上时的新过渡效果（之前只有悬停动画，目前加入了应用切换等动画）（需启用48433719）
"49453572,57857165",,"对深色模式的支持已实现到各种 Win32 文件作对话框（复制/粘贴、删除、确认等）中。（需启用48433719,56848060）"
55844454,,在"共享"浮出控件中固定项目的能力（需启用48433719）（26120.4733）
57048226,,（未知）
57994323,,"深色模式下Win32文件作对话框下的进度图颜色从绿色（#3d7b27/#06b025）更改为浅蓝色（#3c5c6b/#60cdff）。可以通过启用 、 和 velocity 暂存键手动激活对深色模式本身的支持（需启用48433719,49453572,57857165）（26120.5751）"
57645315,,"对视频壁纸的本机支持（以前作为 Windows Vista Ultimate 的 Windows DreamScene 引入，但在 Windows 8 中完全删除）已重新实现。支持多种媒体容器格式，即 .mp4、.wmv、.mkv、.avi、.mov 和 .webm。它可以通过"设置"应用程序中"个性化>背景"下的"浏览照片"按钮进行配置。（需启用48433719）（26120.6990）"
57703775,,"在快速设置中 Wi-Fi 和蜂窝网络部分的右下角添加了一个新的"测试互联网速度"按钮，并在系统托盘中网络图标的右键单击上下文菜单中添加了一个新的"Peform 速度测试"选项。单击它们将打开一个 Microsoft Bing 网页并执行由 Speedtest 提供支持的网络速度测试。（26120.6760）"
"58383338,59203365,59270880",,已实现对"运行和文件夹选项"对话框中的深色模式的支持。（需启用48433719）（26120.6972）
56845155,,"蓝牙和移动设备→移动设备下的"移动设备"部分，其中包含跨设备体验主机中"管理移动设备"对话框中的所有设置（26120.6690）"
58970402,,语音输入中的"行动前等待时间"设置，用于配置执行语音命令之前的延迟。（26120.6982）
41356296,,"自动隐藏任务栏"有了新的动效。（需启用48433719）"
57915467,,新的搜索框闪光。（尚不知道是啥）
57048237,,主要功能包。（尚不知道是啥）
57882334,,任务栏可以在其他应用窗口共享。（仅限部分应用）
53343270,,设置主页新的设备卡。（仅限美国地区）
59265307,,"设置下的系统-系统信息页面进行了翻新。（顶部设备卡 RIP且"常见问题"分为单独一个栏目）（已经失效）"
45690266,,文件资源管理器中的新云文件搜索开关。
56546130,,在新版开始菜单布局下下的搜索飞出窗口已调整为匹配大小。（26200.5641）
"57739723,57941090",,"任务栏上的搜索框已通过新的"询问Copilot"功能进行了改进，以显示由 Copilot Vision 和 Voice 提供支持的搜索结果，以及其在"设置"应用程序中新的个性化→任务栏→询问副驾驶页面下的设置。（26220.7051）"
57610493,,新增了在跳出窗口中直接滚动所有搜索结果的功能，无需打开单独的结果页面。（26220.6982）
"57054134,59116012",,"如果Windows出现错误检查，登录时会弹出通知，建议在下次重启时执行Windows内存诊断扫描。如果发现内存问题并得到缓解，重启后会有通知显示。（26220.6982）"
"52580392,50902630",,"一个名为"Xbox全屏体验"（FSE）的新掌上游戏界面已实现。启用 Xbox FSE 后，Xbox PC 应用将全屏运行，作为设备的主界面，取代传统的桌面。所有应用和游戏也会全屏运行。为了释放系统资源，某些桌面装饰元素将被推迟，并抑制一组启动和后台应用。FSE可以通过任务视图、游戏栏设置或⊞ Win+F11键盘呼喊键调用。它的设置位于设置应用的游戏→全屏体验页面。（26220.7051）"
59765208,,Xbox 全屏体验（FSE） （26220.7051）
"55994763,59162732",,Widgets设置对话框已被新的全页设置页面取代，同时新增了重新排列仪表盘和配置通知的功能。(需更新到最新WWEP)(26220.7051)
58778013,,在文件管理器启动前预加载文件资源管理器。（需启用48433719）（26220.7271）
58423575,,对现代上下文菜单动作顺序的变更。（26220.7271）（需启用48433719）
"55324166,59673297",,Point-in-time恢复功能。（26220.7262）
59193521,,"如果设置里的"应用模型上下文协议（MCP）的原生支持已集成在本版本预览阶段，MCP是一种开源协议，用于标准化AI应用与外部工具及数据源之间的集成。Windows 上的 MCP 提供了 Windows 设备注册表（ODR），这是一个安全且易于管理的接口，用于通过 MCP 发现和使用本地应用和远程服务器的代理连接器。（26220.7344）"
38679741,,支持 Windows MIDI Services App SDK 的 Release Candidate 1 版本，该 SDK 是一个新的开源 Windows MIDI API。（26220.7344）
58988972,,设置中的"应用"页面引入更新应用的页面。（26220.7344）
"57156807,57259990,58381341,58527096",,运行对话框在 WinUI 3 中进行了改进，以符合 Windows 11 的设计美学。（需要在设置-高级页面中开启）（需启用48433719）（26220.7523）
59359094,,设置中帐户-其他用户下更改用户类型已经更改，以符合 Windows 11 的设计美学。（26220.7523）
58978959,,触摸键盘上的全屏语音输入叠加已被直接在听写键上显示语音输入动画所取代。（需启用48433719）（26220.7523）
57741219,,"开启/关闭Windows保护打印模式的对话框（在蓝牙和设备→打印机和扫描仪中调用"Windows保护打印模式"→）和创建/附加/初始化 VHD 确认对话框（在系统→存储→磁盘和卷中调用）得到了翻新。（需启用48433719）（26220.7670）"
58182453,,设置中的系统-高级-虚拟工作区页面下新增"适用于Linux的Windows子系统"切换开关。（26220.7752）
57118881,,隐私与安全设置页面新增安全定位摄像机和麦克风菜单。（26300.7674）
49059846,,在Resume跨设备链接页面增加WhatsApp应用。（26220.7752）
60063638,,新增任务栏共享功能。（26220.7752）
"60597402,60825171",,在"系统→ 关于"下显示存储和显卡信息的功能。（26220.7859）（需启用59265307）
"59956305,59149945",,"快速设置中的节能按钮被改成了一个分割开关，并有一个子页面显示设置应用中"系统→电源与电池→能源建议"页面的能源建议。子页面还新增了一个开关开关，用于开关暗黑模式。这些更改仅适用于电池供电设备（26220.7961）"
60911173,,"在 Windows Update → Windows Insider Program 下部分新增了功能标志页面，可手动开关由 Velocity 功能锁定机制管理的新功能。（26220.8148）"
61157505,,"Windows 更新→ Windows Insider Program 页面已更新，以反映即将到来的 Windows Insider Program 频道结构变化，包括新增的"高级选项"部分，可选择特定的 Windows 核心版本进行运行。[1]功能标志子页面用于手动开关由 Velocity 功能锁定机制管理的新功能。（需启用48433719,60911173）（26220.8165）"
"57751666,57751687",,启用菜单在日历界面的通知中心显示和隐藏专注模式。
61410885,,Windows更新页面下的暂停更新功能可以自由选择日期。（26220.8283）
59728252,,WinUI 3 的环形旋转动画已被实现到登录和关机/重启界面。（26220.8283）
60897831,,Windows更新页面下显示的所有可用更新列表已移至一个可折叠的"可用更新"部分。（26220.8283）
60662124,,使新的"屏幕色调"设置应用的辅助功能部分。（26220.8283）
60511437,,将鼠标悬停在任务栏上打开的应用程序或应用程序组上时的新过渡效果（之前只有悬停动画，目前加入了应用切换等动画）（之前已经有了，现在已经迁移到新的ID）（26220.7877）
61014711,,允许您在文件资源管理器中试用新的文件大小格式。文件资源管理器右键菜单加入刷新、打印、创建快捷方式的选项。
60716524,,新低延迟配置文件
61391826,,应用程序启动的新低延迟配置文件
????????,,通过 Microsoft Store 直接通过 Share 飞出窗口安装推荐应用的功能，已逐步向 Azure Active Directory（AAD）用户开放。
59213768,,自Windows 11最初发布以来一直缺失的任务栏位置（垂直任务栏）功能，现已重新添加并逐步推广。（26300.8493）
61090762,,"新增了一个紧凑的任务栏，图标更小，高度也降低了，通过设置应用中个性化→任务栏下的"显示较小任务栏按钮"下拉菜单来开关。（26300.8493）"
"61754985,61225604,61596616,61596617,61596618,61596619",,"在设置应用的开始菜单及其对应的个性化→开始页面加入了（1.将"推荐"部分改名为"最近"。2.新增章节层级切换，可独立显示或隐藏"置顶"、"推荐"和"全部"。3.新增了"开始菜单大小"下拉菜单，可以选择小的开始菜单和大开始菜单。4.新增隐藏用户名和头像的选项。5.如果所有开始菜单部分都关闭了，新的占位符图片。）（26300.8553）"
61372722,,解决在深色模式下文件打开、另存为对话框中出现的白色闪烁问题
"61267302,61344081,61482515,61532758,61760679",,"新增了开关建议搜索结果的功能，比如网页搜索和Microsoft Store。此功能可通过设置应用中隐私与安全→搜索中的新“显示建议搜索结果”部分进行配置。(26300.8697)"
